{"conf_mats": [[[0.0, 12.0], [0.0, 12.0]], [[10.0, 2.0], [2.0, 10.0]], [[6.0, 6.0], [2.0, 10.0]], [[10.0, 2.0], [5.0, 7.0]], [[12.0, 0.0], [2.0, 10.0]], [[0.0, 12.0], [0.0, 12.0]], [[0.0, 12.0], [0.0, 12.0]], [[10.0, 2.0], [3.0, 9.0]], [[0.0, 12.0], [0.0, 12.0]], [[0.0, 12.0], [0.0, 12.0]], [[0.0, 12.0], [0.0, 12.0]], [[10.0, 2.0], [2.0, 10.0]], [[11.0, 1.0], [2.0, 10.0]], [[8.0, 4.0], [4.0, 8.0]], [[12.0, 0.0], [3.0, 9.0]], [[0.0, 12.0], [0.0, 12.0]], [[0.0, 12.0], [0.0, 12.0]], [[0.0, 12.0], [0.0, 12.0]], [[9.0, 3.0], [3.0, 9.0]], [[0.0, 12.0], [0.0, 12.0]]], "conf_mat_mean": [[4.9, 7.1], [1.4, 10.6]], "conf_mats_std": [[5.048762224545736, 5.048762224545736], [1.562049935181331, 1.562049935181331]], "accuracies": [0.5, 0.8333333333333334, 0.6666666666666666, 0.7083333333333334, 0.9166666666666666, 0.5, 0.5, 0.7916666666666666, 0.5, 0.5, 0.5, 0.8333333333333334, 0.875, 0.6666666666666666, 0.875, 0.5, 0.5, 0.5, 0.75, 0.5], "acc_mean": 0.6458333333333333, "acc_std": 0.15783914104063176, "learning_rates": 8e-05}